word1,word2
abashed,sorry
abbeys,hovels
abbots,acolytes
abbots,hosiers
abysses,puddles
acorns,beeches
acorns,boulders
acorns,goblets
acorns,lions
acorns,tigers
acorns,valleys
actresses,lumberjacks
admirals,deckhands
admirals,flowers
admirals,knitting
admirals,paupers
admirals,ribbons
admirals,weavers
alexandrite,gravel
allergic,unaccustomed
amber,gravel
amethysts,pebbles
amphitheaters,gazebos
annoying,teal
anthills,volcanoes
ants,giraffes
ants,stars
anvils,coins
aprons,swords
aquamarine,shale
archbishops,chandlers
archbishops,millers
archdukes,chandlers
archdukes,tanners
archdukes,vagrants
archipelagos,sandbars
arenas,sheds
arrows,flowers
asteroids,pebbles
atolls,continents
aurochs,voles
avalanches,feathers
avalanches,murmurs
avalanches,snowballs
awls,mauls
axes,flowers
axes,petals
axes,ribbons
bacteria,candy
ballistae,spindles
ballrooms,cellars
ballrooms,hovels
banners,rags
banquets,crumbs
banyans,ferns
barns,marbles
barons,fishermen
barons,paupers
barons,weavers
basilicas,hovels
bassoons,kazoos
battleaxes,penknives
battlements,cobwebs
bears,buttons
bears,kettles
bears,ribbons
bears,seeds
bears,teacups
beautiful,stinky
beetles,diplodocuses
beetles,hills
beetles,kestrels
beetles,mammoths
beetles,mastodons
beetles,moons
beggars,captains
beggars,dukes
behemoths,sparrows
bicycles,robots
billhooks,twigs
birdhouses,cathedrals
birdhouses,skyscrapers
birdhouses,turrets
bishops,blacksmiths
bishops,cordwainers
bishops,potters
bishops,seamstresses
bishops,vagabonds
bison,sparrows
bitter,purple
blacksmiths,lawyers
blankets,kittens
blizzards,butterflies
blizzards,flurries
blizzards,mists
bogs,tundras
bombs,pebbles
bonnets,cannons
bonnets,shields
bonnets,swords
bonnets,wolves
books,owls
boulders,butterflies
boulders,feathers
boulders,marbles
bowls,sharks
breezes,tornadoes
breezes,typhoons
bridges,needles
brocade,canvas
buccaneers,milliners
buffaloes,sparrows
burlap,cashmere
burlap,organza
burlap,velvet
butterflies,comets
butterflies,earthquakes
butterflies,floods
butterflies,squalls
butterflies,tempests
buttes,copses
buttons,castles
buttons,deer
buttons,foxes
buttons,lions
buttons,mountains
buttons,seas
buttons,whales
cabins,citadels
calderas,puddles
caliphs,potters
campfires,wildfires
candles,foxes
candles,galaxies
candles,gales
candles,hurricanes
candles,nebulae
cannons,darts
cannons,needles
cannons,slingshots
canvas,chiffon
canyons,marbles
captains,flowers
cardinals,glovers
cardinals,novices
carracks,skiffs
cashmere,flannel
castellans,heralds
castles,hovels
catamarans,coracles
catapults,slingshots
cathedrals,outhouses
cathedrals,sheds
cauldrons,thimbles
cedars,mosses
cellos,kazoos
cellos,triangles
chalices,thimbles
chalk,diamonds
chalk,tanzanite
champagne,vinegar
chandeliers,torches
chanting,enchanting
chasms,puddles
chauffeurs,stewardesses
cherries,llamas
chestnuts,ferns
chickens,fences
chipmunks,gorillas
chrysoberyl,gravel
churches,pebbles
citrine,gravel
civilizations,homesteads
clarinets,kazoos
clay,emeralds
clay,malachite
claymores,penknives
clearings,plateaus
clearings,prairies
cliffs,cobwebs
cliffs,moths
clocks,deer
closets,dungeons
clubs,doilies
cobblers,colonels
cobblers,deacons
cobblers,emirs
cobblers,judges
cobblers,marquesses
cobblers,monks
cobblers,privateers
cobblers,sultans
cobras,mice
cobwebs,storms
coins,eagles
coins,forests
coins,ravens
coliseums,shacks
comets,sparks
condors,sparrows
conscripts,generals
copses,rainforests
cordwainers,fullers
cordwainers,viscounts
coroners,senators
coronets,rags
corsairs,drapers
cottages,dynasties
cotton,taffeta
counts,shepherds
counts,tanners
counts,vagabonds
crabs,walruses
crags,dales
crates,warehouses
crayfish,otters
crocodiles,tadpoles
crossbows,slingshots
crowbars,tweezers
crowns,nightcaps
crumbs,feasts
cudgels,maces
culverins,pistols
cups,lions
currant,pomegranate
cutlasses,needles
cyclones,gusts
cyclones,zephyrs
cypresses,mosses
daggers,flowers
daggers,thimbles
deltas,puddles
deserts,raindrops
determined,forgettable
dewdrops,forests
dewdrops,glaciers
dewdrops,planets
dewdrops,tsunamis
dewdrops,waterfalls
diadems,pebbles
dinghies,galleons
discontent,tearfulness
disheveled,dreary
distaffs,onagers
ditches,fjords
doctors,shepherds
doilies,knives
donates,provides
doublets,smocks
drapers,fullers
dreadnoughts,rowboats
drips,geysers
drizzles,hailstorms
drizzles,tempests
drizzles,thunderstorms
drizzles,typhoons
drovers,scholars
drovers,sultans
dukes,flowers
dukes,millers
dukes,shepherds
dukes,vagrants
dungeons,spiders
eagles,plates
eagles,ribbons
eagles,thimbles
earls,gravediggers
earls,paupers
earls,tanners
earthquakes,sighs
earthquakes,teardrops
earthquakes,whimpers
elephants,gnats
elephants,pins
elephants,shrews
elms,mushrooms
embers,thunderbolts
emperors,flowers
emperors,scullions
emperors,tinkers
empires,hamlets
eons,heartbeats
eruptions,sparks
escarpments,meadows
falcons,wrens
farmers,princes
farmers,shoguns
feasts,morsels
feasts,scraps
feathers,floods
feathers,lightning
feathers,mountains
feathers,rivers
feathers,sharks
feathers,spears
feathers,storms
feathers,thunderstorms
feathers,tsunamis
feathers,volcanoes
felines,quails
ferns,larches
ferns,sequoias
ferns,spruces
ferns,walnuts
finches,vultures
fireflies,galaxies
fireflies,moons
fireflies,supernovas
first,ninety-eighth
fishermen,generals
flails,switches
flint,opals
flintlocks,slingshots
floods,puddles
flowers,generals
flowers,knights
flowers,knives
flowers,lances
flowers,lords
flowers,monarchs
flowers,pharaohs
flowers,princes
flowers,sultans
flowers,warriors
flowers,zinnias
flutes,kazoos
footmen,marshals
fortresses,leantos
fortresses,tents
foxes,thimbles
friars,tanners
frigates,punts
frogs,storks
fuming,mad
gales,sparks
galleons,kayaks
garnets,slate
gazelles,leopards
gelatin,lard
generals,knitters
generals,lace
generals,riflemen
gerbils,pythons
glaciers,raindrops
glades,taigas
gnats,gorillas
gnats,hippopotamuses
gnats,mammoths
gnats,rhinoceroses
goblets,puddles
gorges,puddles
gorillas,sparrows
gravediggers,kings
gravel,moonstone
gravel,onyx
gravel,sapphires
gravel,spinel
gravel,turquoise
grooms,maharajas
grooms,nawabs
grooms,seneschals
groundskeeper,superintendent
gudgeons,pike
haberdashers,mariners
hailstones,icebergs
hairpins,sabres
hairpins,tiaras
halberds,knives
hammers,lace
happily,rudely
harpooners,knitters
harps,kazoos
harpsichords,kazoos
hauberks,jerkins
hawks,thimbles
hawks,voles
helmets,nightcaps
helmets,ribbons
herons,sticklebacks
herrings,megalodons
herrings,seals
herrings,sharks
hesitate,readjust
hippopotamuses,mice
horses,loons
horses,mirrors
horses,thimbles
hovels,temples
hurricanes,petals
hurricanes,zephyrs
huts,monasteries
icebergs,snowflakes
jacket,phone
jaguars,rabbits
kaisers,peasants
kale,vegetables
kazoos,lutes
kazoos,organs
kazoos,pianos
kazoos,saxophones
kazoos,trumpets
kazoos,violas
kazoos,violins
khans,weavers
kings,mendicants
knights,spectacles
knights,thimbles
labourers,rajahs
labourers,viscounts
lace,twine
lances,scarves
lankier,lanky
lanterns,quasars
lanterns,ravens
laundresses,queens
lemmings,wolverines
leopards,rabbits
leviathans,minnows
lightning,moths
limestone,tourmalines
lions,needles
lions,teacups
litter,newts
lizards,tyrannosaurs
looms,trebuchets
lords,mendicants
lords,shepherds
maelstroms,ripples
majors,spinners
mansions,pigsties
mantles,rags
maples,mushrooms
marbles,orbs
marooned,missing
masculine,undignified
mastodons,moths
mattocks,trowels
mausoleums,shacks
meadows,tundras
mesas,thickets
meteors,raindrops
mice,tigers
mice,wolves
millers,priests
millstones,pebbles
minnows,orcas
minnows,ospreys
minnows,plesiosaurs
moles,polecats
monarchs,serfs
monks,tanners
monks,telescopes
moose,voles
mosses,yews
moths,pulsars
moths,seas
moths,suns
mountains,petals
mud,platinum
mudslides,puddles
mushrooms,oaks
mushrooms,pines
muskets,slingshots
nebulae,sparks
nectar,swill
needles,ravens
needles,sledgehammers
needles,tigers
nurses,patriarchs
oboes,tambourines
organs,whistles
owls,pennies
owls,thimbles
paintbrushes,sailors
palaces,pigsties
pearls,silt
peasants,sultans
pebbles,volcanoes
pelicans,sardines
pennies,wolves
peridot,silt
petals,tornadoes
pharaohs,potters
pharaohs,scullions
pianos,triangles
pickaxes,pins
pikes,slingshots
pinnacles,vales
pins,tigers
pins,walls
planets,sparks
priests,tanners
priors,scullions
pterodactyls,sparrows
puddles,straits
puppies,tigers
pyramids,sandcastles
queens,serfs
rags,tapestries
rapiers,thimbles
rats,sharks
redwoods,toadstools
rhinoceroses,voles
ribbons,sharks
ribbons,shields
ripples,waterspouts
rivers,seeds
rubies,sandstone
rustles,tempests
sackcloth,velvet
sardines,whales
saxophones,whistles
scepters,twigs
scissors,scythes
seamstresses,stevedores
seeds,sharks
serfs,tsars
serfs,viscounts
shale,topazes
sharks,teacups
showers,typhoons
slings,trebuchets
soldiers,spools
sparks,thunderbolts
sparrows,wolves
spears,tablecloths
spoons,wolves
squalls,typhoons
sultans,vagabonds
tablecloths,tigers
teacups,wolves
therapy,vacations
thimbles,towers
thimbles,wolves
thunderclaps,whispers
trombones,whistles
tsars,vagrants
tubas,whistles
vocabulary,vowels
